{
  "project_info": {
    "project_number": "989654888954",
    "firebase_url": "https://giat-ee179-default-rtdb.asia-southeast1.firebasedatabase.app",
    "project_id": "giat-ee179",
    "storage_bucket": "giat-ee179.appspot.com"
  },
  "client": [
    {
      "client_info": {
        "mobilesdk_app_id": "1:989654888954:android:72efa3057c7d493cd7b443",
        "android_client_info": {
          "package_name": "com.example.giat"
        }
      },
      "oauth_client": [
        {
          "client_id": "989654888954-s4lapvf8f4p9l094ekmrvasgimrf3ts9.apps.googleusercontent.com",
          "client_type": 3
        }
      ],
      "api_key": [
        {
          "current_key": "AIzaSyCUE8CrRDi7hqng1lGvU6p6pBHsy0OVUYg"
        }
      ],
      "services": {
        "appinvite_service": {
          "other_platform_oauth_client": [
            {
              "client_id": "989654888954-s4lapvf8f4p9l094ekmrvasgimrf3ts9.apps.googleusercontent.com",
              "client_type": 3
            }
          ]
        }
      }
    }
  ],
  "configuration_version": "1"
}